<options>
	<profile n="colorcoding_profiles.TLA+" version="2">
		<p n="idchars" v="a-zA-Z 0-9_"/>
		<p n="case_sensitive" v="1"/>
		<p n="k,EXTENDS">
			<attrs case_sensitive="1"/>
		</p>
		<p n="k,ELSE">
			<attrs case_sensitive="1"/>
		</p>
		<p n="k,IF"/>
		<p n="k,THEN">
			<attrs case_sensitive="1"/>
		</p>
		<p n="k,TRUE">
			<attrs case_sensitive="1"/>
		</p>
		<p n="k,FALSE">
			<attrs case_sensitive="1"/>
		</p>
		<p n="k,EXCEPT">
			<attrs case_sensitive="1"/>
		</p>
		<p n="k,ASSUME">
			<attrs case_sensitive="1"/>
		</p>
		<p n="k,CONSTANT">
			<attrs case_sensitive="1"/>
		</p>
		<p n="k,VARIABLE">
			<attrs case_sensitive="1"/>
		</p>
		<p n="k,LET">
			<attrs case_sensitive="1"/>
		</p>
		<p n="k,IN">
			<attrs case_sensitive="1"/>
		</p>
		<p n="comment,(*">
			<attrs end="*)" flags="multiline"/>
		</p>
		<p n="pu,=="/>
		<p n="pu,&lt;&lt;"/>
		<p n="pu,&gt;&gt;"/>
		<p n="pu,,"/>
		<p n="pu,("/>
		<p n="pu,)"/>
		<p n="pu,="/>
		<p n="pu,'"/>
		<p n="pu,&gt;"/>
		<p n="pu,&lt;"/>
		<p n="pu,#"/>
		<p n="pu,\="/>
		<p n="pu,/\"/>
		<p n="pu,\/"/>
		<p n="k,\in"/>
		<p n="k,\geq"/>
		<p n="k,\leq"/>
		<p n="k,\subset">
			<attrs case_sensitive="1"/>
		</p>
		<p n="k,\subseteq">
			<attrs case_sensitive="1"/>
		</p>
		<p n="k,\cap"/>
		<p n="k,\E">
			<attrs case_sensitive="1"/>
		</p>
		<p n="k,\A">
			<attrs case_sensitive="1"/>
		</p>
		<p n="pu,["/>
		<p n="pu,]"/>
		<p n="pu,-&gt;"/>
		<p n="k,CHOOSE"/>
	</profile>
</options>
